{
  "variants": {
    "facing=down,on=false": {
      "x": 90,
      "y": 0,
      "model": "computercraft:block/wireless_modem_normal_off"
    },
    "facing=down,on=true": {
      "x": 90,
      "y": 0,
      "model": "computercraft:block/wireless_modem_normal_on"
    },
    "facing=east,on=false": {
      "x": 0,
      "y": 90,
      "model": "computercraft:block/wireless_modem_normal_off"
    },
    "facing=east,on=true": {
      "x": 0,
      "y": 90,
      "model": "computercraft:block/wireless_modem_normal_on"
    },
    "facing=north,on=false": {
      "x": 0,
      "y": 0,
      "model": "computercraft:block/wireless_modem_normal_off"
    },
    "facing=north,on=true": {
      "x": 0,
      "y": 0,
      "model": "computercraft:block/wireless_modem_normal_on"
    },
    "facing=south,on=false": {
      "x": 0,
      "y": 180,
      "model": "computercraft:block/wireless_modem_normal_off"
    },
    "facing=south,on=true": {
      "x": 0,
      "y": 180,
      "model": "computercraft:block/wireless_modem_normal_on"
    },
    "facing=up,on=false": {
      "x": 270,
      "y": 0,
      "model": "computercraft:block/wireless_modem_normal_off"
    },
    "facing=up,on=true": {
      "x": 270,
      "y": 0,
      "model": "computercraft:block/wireless_modem_normal_on"
    },
    "facing=west,on=false": {
      "x": 0,
      "y": 270,
      "model": "computercraft:block/wireless_modem_normal_off"
    },
    "facing=west,on=true": {
      "x": 0,
      "y": 270,
      "model": "computercraft:block/wireless_modem_normal_on"
    }
  }
}