{"minecraft:leather_chestplate":{"computercraft:item/disk":2},"minecraft:iron_ingot":{"computercraft:item/pocket_computer_normal":2},"minecraft:deepslate_tile_wall":{"computercraft:item/wired_modem":2},"minecraft:andesite_wall":{"computercraft:item/cable":2},"minecraft:music_disc_pigstep":{"computercraft:item/treasure_disk":2},"minecraft:gold_ingot":{"computercraft:item/pocket_computer_advanced":2},"minecraft:paper":{"computercraft:item/printed_page":2},"minecraft:white_stained_glass_pane":{"computercraft:poly_gui/filler":2},"minecraft:gold_block":{"computercraft:item/monitor_advanced":2},"minecraft:smooth_stone":{"computercraft:item/monitor_normal":2},"minecraft:map":{"computercraft:item/printed_pages":2},"minecraft:written_book":{"computercraft:item/printed_book":2}}