{"parent":"item/generated","textures":{"layer0":"item/leather_helmet","layer1":"item/leather_helmet_overlay"},"overrides":[{"predicate":{"custom_model_data":1.0},"model":"advancednetherite:item/netherite_diamond_helmet"},{"predicate":{"custom_model_data":2.0},"model":"advancednetherite:item/netherite_emerald_helmet"},{"predicate":{"custom_model_data":3.0},"model":"advancednetherite:item/netherite_gold_helmet"},{"predicate":{"custom_model_data":4.0},"model":"advancednetherite:item/netherite_iron_helmet"}]}