{"parent":"item/generated","textures":{"layer0":"item/leather_leggings","layer1":"item/leather_leggings_overlay"},"overrides":[{"predicate":{"custom_model_data":1.0},"model":"advancednetherite:item/netherite_diamond_leggings"},{"predicate":{"custom_model_data":2.0},"model":"advancednetherite:item/netherite_emerald_leggings"},{"predicate":{"custom_model_data":3.0},"model":"advancednetherite:item/netherite_gold_leggings"},{"predicate":{"custom_model_data":4.0},"model":"advancednetherite:item/netherite_iron_leggings"}]}