{"parent":"item/generated","textures":{"layer0":"item/leather_chestplate","layer1":"item/leather_chestplate_overlay"},"overrides":[{"predicate":{"custom_model_data":1.0},"model":"advancednetherite:item/netherite_diamond_chestplate"},{"predicate":{"custom_model_data":2.0},"model":"advancednetherite:item/netherite_emerald_chestplate"},{"predicate":{"custom_model_data":3.0},"model":"advancednetherite:item/netherite_gold_chestplate"},{"predicate":{"custom_model_data":4.0},"model":"advancednetherite:item/netherite_iron_chestplate"}]}