{"parent":"item/generated","textures":{"layer0":"item/leather_boots","layer1":"item/leather_boots_overlay"},"overrides":[{"predicate":{"custom_model_data":1.0},"model":"advancednetherite:item/netherite_diamond_boots"},{"predicate":{"custom_model_data":2.0},"model":"advancednetherite:item/netherite_emerald_boots"},{"predicate":{"custom_model_data":3.0},"model":"advancednetherite:item/netherite_gold_boots"},{"predicate":{"custom_model_data":4.0},"model":"advancednetherite:item/netherite_iron_boots"}]}