{"parent":"minecraft:item/handheld","textures":{"layer0":"minecraft:item/stone_pickaxe"},"overrides":[{"predicate":{"custom_model_data":1.0},"model":"advancednetherite:item/netherite_diamond_axe"},{"predicate":{"custom_model_data":2.0},"model":"advancednetherite:item/netherite_diamond_pickaxe"},{"predicate":{"custom_model_data":3.0},"model":"advancednetherite:item/netherite_diamond_sword"},{"predicate":{"custom_model_data":4.0},"model":"advancednetherite:item/netherite_emerald_hoe"},{"predicate":{"custom_model_data":5.0},"model":"advancednetherite:item/netherite_emerald_shovel"},{"predicate":{"custom_model_data":6.0},"model":"advancednetherite:item/netherite_gold_axe"},{"predicate":{"custom_model_data":7.0},"model":"advancednetherite:item/netherite_gold_pickaxe"},{"predicate":{"custom_model_data":8.0},"model":"advancednetherite:item/netherite_gold_sword"},{"predicate":{"custom_model_data":9.0},"model":"advancednetherite:item/netherite_iron_hoe"},{"predicate":{"custom_model_data":10.0},"model":"advancednetherite:item/netherite_iron_shovel"}]}