{"parent":"minecraft:item/generated","textures":{"layer0":"minecraft:item/iron_ingot"},"overrides":[{"model":"computercraft:item/pocket_computer_normal","predicate":{"custom_model_data":2}},{"model":"computercraft:item/pocket_computer_normal","predicate":{"computercraft:state":0,"computercraft:coloured":0,"custom_model_data":2}},{"model":"computercraft:item/pocket_computer_normal_on","predicate":{"computercraft:state":1,"computercraft:coloured":0,"custom_model_data":2}},{"model":"computercraft:item/pocket_computer_normal_blinking","predicate":{"computercraft:state":2,"computercraft:coloured":0,"custom_model_data":2}},{"model":"computercraft:item/pocket_computer_colour","predicate":{"computercraft:state":0,"computercraft:coloured":1,"custom_model_data":2}},{"model":"computercraft:item/pocket_computer_colour_on","predicate":{"computercraft:state":1,"computercraft:coloured":1,"custom_model_data":2}},{"model":"computercraft:item/pocket_computer_colour_blinking","predicate":{"computercraft:state":2,"computercraft:coloured":1,"custom_model_data":2}}]}